Sales Rep, YTD, MTD, QYD, ITD
John Q. Public, 2650.229316, 936.849213, 936.849213, 2650.229316
Daryl "Moose" Johnston, 14964.076330, 14964.076330, 14964.076330, 14964.076330
